{
  "aachen": [50.777,6.0836],
	"aalen": [48.8372,10.0936],
	"ahlen": [51.7633,7.8911],
	"arnsberg": [51.3967,8.0647],
	"aschaffenburg": [49.9767,9.1477],
	"augsburg": [48.3585,10.8944],
	"bad-homburg": [50.2292,8.6105],
	"bad-kreuznach": [49.8469,7.8669],
	"bad-oeynhausen": [52.2,8.8],
	"bad-salzuflen": [52.0875,8.7506],
	"baden-baden": [48.76194,8.2408],
	"bamberg": [49.8917,10.8917],
	"bayreuth": [49.9481,11.5783],
	"bergheim": [50.9667,6.65],
	"bergisch-gladbach": [50.9917,7.136],
	"berlin": [52.5167,13.3833],
	"bielefeld": [52.0167,8.5167],
	"bocholt": [51.8367,6.6108],
	"bochum": [51.4825,7.2169],
	"boeblingen": [48.6851,9.009],
	"boeblingen": [48.6856,9.0153],
	"bonn": [50.734,7.0998],
	"bottrop": [51.5247,6.9228],
	"brandenburg-an-der-havel": [52.4089,12.5631],
	"braunschweig": [52.2692,10.5211],
	"bremen": [53.0769,8.8089],
	"bremerhaven": [53.5419,8.5780],
	"castrop-rauxel": [51.55,7.3167],
	"celle": [52.6261,10.0806],
	"chemnitz": [50.8322,12.9242],
	"cottbus": [51.76056,14.3342],
	"cuxhaven": [53.8617,8.6941],
	"darmstadt": [49.8667,8.65],
	"delmenhorst": [53.0497,8.6339],
	"dessau-rosslau": [51.8606,12.2469],
	"detmold": [51.9333,8.8833],
	"dinslaken": [51.5667,6.7333],
	"dormagen": [51.0933,6.8419],
	"dorsten": [51.6604,6.96465],
	"dortmund": [51.5142,7.46389],
	"dresden": [51.0517,13.7310],
	"dueren": [50.8,6.4833],
	"duesseldorf": [51.2256,6.7828],
	"duisburg": [51.4351,6.7627],
	"elmshorn": [53.7547,9.6536],
	"emden": [53.3669,7.2056],
	"erftstadt": [50.8092,6.7758],
	"erfurt": [50.9781,11.0292],
	"erlangen": [49.5964,11.0043],
	"eschweiler": [50.8208,6.2631],
	"essen": [51.4581,7.0148],
	"esslingen": [48.7406,9.3108],
	"euskirchen": [50.6608,6.7858],
	"flensburg": [54.7819,9.4367],
	"frankenthal": [49.5333,8.35],
	"frankfurt": [50.1106,8.6822],
	"frankfurt-oder": [52.3417,14.5508],
	"frechen": [50.9133,6.8139],
	"freiburg": [47.9900,7.8200],
	"friedrichshafen": [47.6542,9.4792],
	"fuerth": [49.4783,10.9903],
	"fulda": [50.552777777778,9.6775],
	"garbsen": [52.4183,9.5981],
	"gelsenkirchen": [51.5111,7.1006],
	"gera": [50.8806,12.0833],
	"giessen": [50.5872,8.6697],
	"gladbeck": [51.573333333333,6.9925],
	"goeppingen": [48.7025,9.6528],
	"goerlitz": [51.1528,14.9872],
	"goettingen": [51.5339,9.9356],
	"goslar": [51.9072,10.43],
	"greifswald": [54.096,13.3811],
	"greiz": [50.6536,12.1884],
	"grevenbroich": [51.0883,6.5875],
	"guetersloh": [51.9,8.3833],
	"gummersbach": [51.0269,7.5678],
	"hagen": [51.3594,7.475],
	"halle": [51.4828,11.97],
	"hamburg": [53.5464,9.9841],
	"hameln": [52.1031,9.36],
	"hamm": [51.6811,7.817117],
	"hanau": [50.1333,8.9167],
	"hannover": [52.3744,9.7386],
	"hattingen": [51.4011,7.1848],
	"heidelberg": [49.4122,8.71],
	"heidenheim": [48.6761,10.1544],
	"heilbronn": [49.1417,9.2222],
	"herford": [52.1172,8.6761],
	"herne": [51.5419,7.2239],
	"herten": [51.6,7.1333],
	"hilden": [51.1714,6.9394],
	"hildesheim": [52.15,9.95],
	"huerth": [50.8694,6.8653],
	"ibbenbueren": [52.2778,7.7167],
	"ingolstadt": [48.7656,11.4244],
	"iserlohn": [51.3811,7.6956],
	"jena": [50.9272,11.5864],
	"kaiserslautern": [49.4447,7.7689],
	"karlsruhe": [49.014,8.4043],
	"kassel": [51.3167,9.5],
	"kempten": [47.7333,10.3167],
	"kerpen": [50.8719,6.6961],
	"kiel": [54.3253,10.1406],
	"kleve": [51.7875,6.1353],
	"koblenz": [50.3567,7.5939],
	"koeln": [50.9381,6.9569],
	"konstanz": [47.6633,9.1753],
	"krefeld": [51.3369,6.5642],
	"landshut": [48.5372,12.1522],
	"langenfeld": [51.1131,6.9522],
	"langenhagen": [52.4394,9.74],
	"leipzig": [51.3403,12.37475],
	"leverkusen": [51.0333,6.9833],
	"lingen": [52.5233,7.3172],
	"lippstadt": [51.6667,8.35],
	"loerrach": [47.6156,7.6614],
	"ludwigsburg": [48.8975,9.1922],
	"ludwigshafen": [49.4831,8.4478],
	"luebeck": [53.8661,10.6839],
	"luedenscheid": [51.2183,7.6297],
	"lueneburg": [53.2525,10.4144],
	"luenen": [51.6167,7.5167],
	"magdeburg": [52.1333,11.6167],
	"mainz": [50,8.2711],
	"mannheim": [49.4836,8.4631],
	"marburg": [50.8075,8.7722],
	"marl": [51.6539,7.0858],
	"meerbusch": [51.2608,6.6778],
	"menden": [51.4392,7.7953],
	"minden": [52.2833,8.9167],
	"moenchengladbach": [51.1911,6.4419],
	"moers": [51.4517,6.6264],
	"muelheim-an-der-ruhr": [51.4331,6.8831],
	"muenchen": [48.1400,11.5600],
	"muenster": [51.9502,7.5911],
	"neu-ulm": [48.3942,9.9989],
	"neubrandenburg": [53.557,13.261],
	"neumuenster": [54.0714,9.99],
	"neuss": [51.1986,6.6914],
	"neustadt-an-der-weinstrasse": [49.35,8.15],
	"neuwied": [50.4286,7.4614],
	"norderstedt": [53.6956,9.9836],
	"nordhorn": [52.4361,7.0706],
	"nuernberg": [49.4556,11.0786],
	"oberhausen": [51.4703,6.8522],
	"offenbach": [50.0994,8.7708],
	"offenburg": [48.4708,7.9408],
	"oldenburg": [53.1439,8.2139],
	"osnabrueck": [52.2789,8.0431],
	"paderborn": [51.7231,8.7549],
	"passau": [48.5733,13.4569],
	"peine": [52.3203,10.2336],
	"pforzheim": [48.8911,8.6989],
	"plauen": [50.495,12.1383],
	"potsdam": [52.3958,13.0614],
	"pulheim": [51,6.8],
	"rastatt": [48.8569,8.2028],
	"ratingen": [51.2956,6.8522],
	"ravensburg": [47.7819,9.6136],
	"recklinghausen": [51.6167,7.2],
	"regensburg": [49.0167,12.0833],
	"remscheid": [51.1783,7.1994],
	"reutlingen": [48.4833,9.2167],
	"rheine": [52.2833,7.4333],
	"rosenheim": [47.8561,12.1289],
	"rostock": [54.0833,12.1333],
	"ruesselsheim": [49.995,8.4119],
	"saarbruecken": [49.2333,7],
	"salzgitter": [52.1533,10.4061],
	"sankt-augustin": [50.77,7.1867],
	"schwaebisch_gmuend": [48.8,9.8],
	"schweinfurt": [50.045,10.2342],
	"schwerin": [53.6333,11.4167],
	"siegen": [50.87444,8.0244],
	"sindelfingen": [48.7133,9.003],
	"solingen": [51.17139,7.0833],
	"speyer": [49.3172,8.4342],
	"stolberg": [50.7667,6.2333],
	"stralsund": [54.3139,13.0897],
	"stuttgart": [48.8,9.2],
	"trier": [49.7596,6.6439],
	"troisdorf": [50.8161,7.1556],
	"tuebingen": [48.52,9.0556],
	"ulm": [48.4008,9.9872],
	"unna": [51.5347,7.6889],
	"velbert": [51.3333,7.05],
	"viersen": [51.2528,6.3933],
	"villingen-schwenningen": [48.0569,8.4917],
	"waiblingen": [48.8303,9.3169],
	"weimar": [50.9794,11.3297],
	"wesel": [51.6586,6.6178],
	"wetzlar": [50.5578,8.5044],
	"wiesbaden": [50.0821,8.2414],
	"wilhelmshaven": [53.5219,8.1075],
	"willich": [51.2631,6.5492],
	"wismar": [53.8882,11.462],
	"witten": [51.4333,7.3333],
	"wolfenbuettel": [52.1622,10.5369],
	"wolfsburg": [52.4231,10.7872],
	"worms": [49.633055555556,8.3608],
	"wuerzburg": [49.7944,9.9294],
	"wuppertal": [51.2592,7.2111],
	"zwickau": [50.7189,12.4922]
}
